{
  "4.0": {
    "rlt": 4.0,
    "w_rms_200": 3.189671277999878,
    "w_rms_final": 3.7858574390411377,
    "phi_avg": 3.2538508479519437
  },
  "6.9": {
    "rlt": 6.9,
    "w_rms_200": 4.080440044403076,
    "w_rms_final": 4.139304161071777,
    "phi_avg": 3.2064720083053606
  }
}