{
  "convergence": {
    "gammas": [
      0.02174091114759442,
      0.06541395841490752,
      0.020800311391080493,
      0.05227231018189246
    ],
    "n_particles": [
      50000,
      100000,
      200000,
      300000
    ]
  },
  "shear": {
    "q1_vals": [
      0.1,
      0.3,
      0.5,
      0.78,
      1.2
    ],
    "gammas": [
      0.031119287612247994,
      0.006116781432718729,
      0.020800311391080493,
      0.02640852478205882,
      0.07041413915785316
    ]
  },
  "rlt": {
    "rlt_vals": [
      3.0,
      4.0,
      5.0,
      6.0,
      6.9,
      8.0,
      9.0
    ],
    "gammas": [
      0.01845538414766065,
      0.0,
      0.053871274824389,
      0.029664773872392,
      0.020800311391080493,
      0.052209962054153736,
      0.0380897279791723
    ],
    "threshold": 3.0
  },
  "collision": {
    "nu_vals": [
      0.0,
      0.01,
      0.05,
      0.1,
      0.2
    ],
    "gammas": [
      0.020800311391080493,
      NaN,
      NaN,
      NaN,
      NaN
    ]
  },
  "speed": [
    {
      "n_particles": 200000,
      "n_steps": 250,
      "elapsed_s": 5.955373628999951,
      "particles_per_sec": 8395778.857017942,
      "steps_per_sec": 41.97889428508971
    },
    {
      "n_particles": 300000,
      "n_steps": 300,
      "elapsed_s": 5.283592535000025,
      "particles_per_sec": 17033864.62975983,
      "steps_per_sec": 56.779548765866096
    }
  ]
}