{
  "convergence": {
    "gammas": [
      0.06571837929009487,
      0.058695538169681975,
      0.06683346392347106,
      0.059769852878002176
    ],
    "n_particles": [
      50000,
      100000,
      200000,
      300000
    ]
  },
  "shear": {
    "q1_vals": [
      0.1,
      0.3,
      0.5,
      0.78,
      1.2
    ],
    "gammas": [
      0.06731046011833425,
      0.08386504276281771,
      0.06683346392347106,
      0.08110457131950302,
      0.06698305608831384
    ]
  },
  "rlt": {
    "rlt_vals": [
      3.0,
      4.0,
      5.0,
      6.0,
      6.9,
      8.0,
      9.0
    ],
    "gammas": [
      0.07896805612005714,
      0.0775352250930393,
      0.07215036724527024,
      0.06924165785792649,
      0.06683346392347106,
      0.06570590332482819,
      0.06500276198939649
    ],
    "threshold": 3.0
  },
  "collision": {
    "nu_vals": [
      0.0,
      0.01,
      0.05,
      0.1,
      0.2
    ],
    "gammas": [
      0.06683346392347106,
      0.07555963025023378,
      0.06670945093739278,
      0.0588098090075328,
      0.05306349710411492
    ]
  },
  "speed": [
    {
      "n_particles": 200000,
      "n_steps": 250,
      "elapsed_s": 6.314765343995532,
      "particles_per_sec": 7917950.592976995,
      "steps_per_sec": 39.58975296488497
    },
    {
      "n_particles": 300000,
      "n_steps": 300,
      "elapsed_s": 5.509776442995644,
      "particles_per_sec": 16334601.037109837,
      "steps_per_sec": 54.44867012369946
    }
  ]
}